-- MySQL dump 10.13  Distrib 5.7.43, for Linux (x86_64)
--
-- Host: localhost    Database: economius
-- ------------------------------------------------------
-- Server version	5.7.43

/*!40101 SET @OLD_CHARACTER_SET_CLIENT=@@CHARACTER_SET_CLIENT */;
/*!40101 SET @OLD_CHARACTER_SET_RESULTS=@@CHARACTER_SET_RESULTS */;
/*!40101 SET @OLD_COLLATION_CONNECTION=@@COLLATION_CONNECTION */;
/*!40101 SET NAMES utf8 */;
/*!40103 SET @OLD_TIME_ZONE=@@TIME_ZONE */;
/*!40103 SET TIME_ZONE='+00:00' */;
/*!40014 SET @OLD_UNIQUE_CHECKS=@@UNIQUE_CHECKS, UNIQUE_CHECKS=0 */;
/*!40014 SET @OLD_FOREIGN_KEY_CHECKS=@@FOREIGN_KEY_CHECKS, FOREIGN_KEY_CHECKS=0 */;
/*!40101 SET @OLD_SQL_MODE=@@SQL_MODE, SQL_MODE='NO_AUTO_VALUE_ON_ZERO' */;
/*!40111 SET @OLD_SQL_NOTES=@@SQL_NOTES, SQL_NOTES=0 */;

--
-- Dumping data for table `event_money`
--

LOCK TABLES `event_money` WRITE;
/*!40000 ALTER TABLE `event_money` DISABLE KEYS */;
INSERT INTO `event_money` (`event_money_id`, `insurance_type_id`, `name`, `description`, `money`, `url`) 
VALUES (1,3,'교통 사고','교통 사고를 당했습니다. 병원 치료 비용이 발생합니다.',1000000,'https://economius.s3.ap-northeast-2.amazonaws.com/%EC%9D%B4%EB%B2%A4%ED%8A%B8_%EB%8F%88_%EA%B5%90%ED%86%B5%EC%82%AC%EA%B3%A0_%EC%9D%98%EB%A3%8C.png'),
(2,3,'건강 검진','건강 검진을 하세요.',500000,'https://economius.s3.ap-northeast-2.amazonaws.com/%EC%9D%B4%EB%B2%A4%ED%8A%B8_%EB%8F%88_%EA%B1%B4%EA%B0%95%EA%B2%80%EC%A7%84.png'),
(3,3,'감기 유행','가벼운 감기에 걸렸습니다.',300000,'https://economius.s3.ap-northeast-2.amazonaws.com/%EC%9D%B4%EB%B2%A4%ED%8A%B8_%EB%8F%88_%EA%B0%90%EA%B8%B0%EC%9C%A0%ED%96%89.png'),
(4,4,'식중독','여행 중 먹은 음식으로 인해 식중독에 걸렸습니다.',500000,'https://economius.s3.ap-northeast-2.amazonaws.com/%EC%9D%B4%EB%B2%A4%ED%8A%B8_%EB%8F%88_%EC%8B%9D%EC%A4%91%EB%8F%85.png'),
(5,4,'암 진단','갑작스러운 암 진단으로 장기적인 치료가 필요하며 의료 비용이 급증합니다.',3000000,'https://economius.s3.ap-northeast-2.amazonaws.com/%EC%9D%B4%EB%B2%A4%ED%8A%B8_%EB%8F%88_%ED%8F%90%EC%95%94%EC%A7%84%EB%8B%A8.png'),
(6,4,'임플란트','임플란트 치료로 치아 건강을 회복해야 합니다.',500000,'https://economius.s3.ap-northeast-2.amazonaws.com/%EC%9D%B4%EB%B2%A4%ED%8A%B8_%EB%8F%88_%EC%9E%84%ED%94%8C%EB%9E%80%ED%8A%B8.png'),
(7,4,'출산','출산으로 인한 의료 및 입원 비용이 발생합니다.',500000,'https://economius.s3.ap-northeast-2.amazonaws.com/%EC%9D%B4%EB%B2%A4%ED%8A%B8_%EB%8F%88_%EC%B6%9C%EC%82%B0.png'),
(8,4,'심혈관 질환','심혈관 질환으로 인해 치료가 필요합니다.',3000000,'https://economius.s3.ap-northeast-2.amazonaws.com/%EC%9D%B4%EB%B2%A4%ED%8A%B8_%EB%8F%88_%EC%8B%AC%ED%98%88%EA%B4%80%EC%A7%88%ED%99%98.png'),
(9,1,'교통 사고','자동차가 고장났습니다. 자동차를 수리하세요.',1000000,'https://economius.s3.ap-northeast-2.amazonaws.com/%EC%9D%B4%EB%B2%A4%ED%8A%B8_%EB%8F%88_%EA%B5%90%ED%86%B5%EC%82%AC%EA%B3%A0_%EC%86%90%ED%95%B4.png'),
(10,1,'화재 발생','집에 화재가 발생했습니다.',2000000,'https://economius.s3.ap-northeast-2.amazonaws.com/%EC%9D%B4%EB%B2%A4%ED%8A%B8_%EB%8F%88_%ED%99%94%EC%9E%AC.png'),
(11,1,'도둑','집에 도둑이 들었습니다.',2000000,'https://economius.s3.ap-northeast-2.amazonaws.com/%EC%9D%B4%EB%B2%A4%ED%8A%B8_%EB%8F%88_%EB%8F%84%EB%91%91.png'),
(12,2,'해상사고','해상사고로 인해 선박이 손실되었습니다.',3000000,'https://economius.s3.ap-northeast-2.amazonaws.com/%EC%9D%B4%EB%B2%A4%ED%8A%B8_%EB%8F%88_%ED%95%B4%EC%83%81%EC%82%AC%EA%B3%A0.png'),
(13,2,'토네이도','토네이도에 의해 집이 파손되었습니다.',3000000,'https://economius.s3.ap-northeast-2.amazonaws.com/%EC%9D%B4%EB%B2%A4%ED%8A%B8_%EB%8F%88_%ED%86%A0%EB%84%A4%EC%9D%B4%EB%8F%84.png'),
(14,2,'홍수','자동차가 물에 잠겼습니다.',2000000,'https://economius.s3.ap-northeast-2.amazonaws.com/%EC%9D%B4%EB%B2%A4%ED%8A%B8_%EB%8F%88_%ED%99%8D%EC%88%98.png'),
(15,2,'산재 사고','직장에서 사고가 발생했습니다.',1000000,'https://economius.s3.ap-northeast-2.amazonaws.com/%EC%9D%B4%EB%B2%A4%ED%8A%B8_%EB%8F%88_%EC%82%B0%EC%9E%AC%EC%82%AC%EA%B3%A0.png');
/*!40000 ALTER TABLE `event_money` ENABLE KEYS */;
UNLOCK TABLES;

--
-- Dumping data for table `event_stock`
--

LOCK TABLES `event_stock` WRITE;
/*!40000 ALTER TABLE `event_stock` DISABLE KEYS */;
INSERT INTO `event_stock` (`event_stock_id`, `name`, `description`, `rate`, `stock_industry_id`, `url`) VALUES (1,'핵융합 상용화','핵융합 기술이 상용화되어 에너지 분야에서 혁신이 예상됩니다.',10,1,'https://economius.s3.ap-northeast-2.amazonaws.com/%EC%9D%B4%EB%B2%A4%ED%8A%B8_%EC%A3%BC%EC%8B%9D_bad_%ED%95%B5%EC%9A%A9%ED%95%A9%EC%83%81%EC%9A%A9%ED%99%94.png'),(2,'페니실린 발견','페니실린의 발견으로 인해 의료 분야에서 감염병 치료가 혁신되었습니다.',10,3,'https://economius.s3.ap-northeast-2.amazonaws.com/%EC%9D%B4%EB%B2%A4%ED%8A%B8_%EC%A3%BC%EC%8B%9D_bad_%ED%8E%98%EB%8B%88%EC%8B%A4%EB%A6%B0%EB%B0%9C%EA%B2%AC.png'),(3,'월마트 오픈','월마트의 오픈으로 대규모 소매업이 변화합니다.',10,4,'https://economius.s3.ap-northeast-2.amazonaws.com/%EC%9D%B4%EB%B2%A4%ED%8A%B8_%EC%A3%BC%EC%8B%9D_bad_%EC%9B%94%EB%A7%88%ED%8A%B8%EC%98%A4%ED%94%88.png'),(4,'텔레비전 보급','텔레비전의 보급으로 미디어 엔터테인먼트 산업이 성장합니다.',10,8,'https://economius.s3.ap-northeast-2.amazonaws.com/%EC%9D%B4%EB%B2%A4%ED%8A%B8_%EC%A3%BC%EC%8B%9D_bad_%ED%85%94%EB%A0%88%EB%B9%84%EC%A0%84%EB%B3%B4%EA%B8%89.png'),(5,'월드 와이드 웹 등장','월드 와이드 웹(WWW)의 등장으로 인터넷 혁명이 시작됩니다.',10,7,'https://economius.s3.ap-northeast-2.amazonaws.com/%EC%9D%B4%EB%B2%A4%ED%8A%B8_%EC%A3%BC%EC%8B%9D_bad_%EC%9B%94%EB%93%9C%EC%99%80%EC%9D%B4%EB%93%9C%EC%9B%B9%EB%93%B1%EC%9E%A5.png'),(6,'내연기관 발전','내연기관 기술 발전으로 운송 수단이 발전하며 산업 분야에 영향을 미칩니다.',10,6,'https://economius.s3.ap-northeast-2.amazonaws.com/%EC%9D%B4%EB%B2%A4%ED%8A%B8_%EC%A3%BC%EC%8B%9D_bad_%EB%82%B4%EC%97%B0%EA%B8%B0%EA%B4%80%EB%B0%9C%EC%A0%84.png'),(7,'원재료 가격 하락','제품 생산 비용이 감소하고, 주가가 상승합니다.',10,2,'https://economius.s3.ap-northeast-2.amazonaws.com/%EC%9D%B4%EB%B2%A4%ED%8A%B8_%EC%A3%BC%EC%8B%9D_bad_%EC%9B%90%EC%9E%AC%EB%A3%8C%EA%B0%80%EA%B2%A9%ED%95%98%EB%9D%BD.png'),(8,'세계무역기구 설립','세계무역기구(WTO)의 설립으로 규칙에 기반한 자유 국제 무역이 촉진됩니다.',10,5,'https://economius.s3.ap-northeast-2.amazonaws.com/%EC%9D%B4%EB%B2%A4%ED%8A%B8_%EC%A3%BC%EC%8B%9D_good_%EC%84%B8%EA%B3%84%EB%AC%B4%EC%97%AD%EA%B8%B0%EA%B5%AC%EC%84%A4%EB%A6%BD.png'),(9,'환경 규제 강화','환경 규제가 강화되어 기업들은 친환경 조치를 강화해야 합니다.',-10,1,'https://economius.s3.ap-northeast-2.amazonaws.com/%EC%9D%B4%EB%B2%A4%ED%8A%B8_%EC%A3%BC%EC%8B%9D_bad_%ED%99%98%EA%B2%BD%EA%B7%9C%EC%A0%9C%EA%B0%95%ED%99%94.png'),(10,'유전자 편집 규제 강화','유전자 편집 규제 강화로 인해 생명과학 분야에 영향을 미치며 윤리적 고민이 필요합니다.',-10,3,'https://economius.s3.ap-northeast-2.amazonaws.com/%EC%9D%B4%EB%B2%A4%ED%8A%B8_%EC%A3%BC%EC%8B%9D_bad_%EC%9C%A0%EC%A0%84%EC%9E%90%ED%8E%B8%EC%A7%91%EA%B7%9C%EC%A0%9C%EA%B0%95%ED%99%94.png'),(11,'환경 운동 확산','세계적으로 환경 보호와 지속 가능한 소비에 대한 관심이 높아졌습니다.',-10,4,'https://economius.s3.ap-northeast-2.amazonaws.com/%EC%9D%B4%EB%B2%A4%ED%8A%B8_%EC%A3%BC%EC%8B%9D_bad_%ED%99%98%EA%B2%BD%EC%9A%B4%EB%8F%99%ED%99%95%EC%82%B0.png'),(12,'테러 활동 발생','관광지에 일어난 테러로 인해 엔터테인먼트 산업에 부정적인 영향이 심화됩니다.',-10,8,'https://economius.s3.ap-northeast-2.amazonaws.com/%EC%9D%B4%EB%B2%A4%ED%8A%B8_%EC%A3%BC%EC%8B%9D_bad_%ED%85%8C%EB%9F%AC%ED%99%9C%EB%8F%99%EB%B0%9C%EC%83%9D.png'),(13,'해저 케이블 단선','해저 케이블 단선으로 통신 서비스에 문제가 발생합니다.',-10,7,'https://economius.s3.ap-northeast-2.amazonaws.com/%EC%9D%B4%EB%B2%A4%ED%8A%B8_%EC%A3%BC%EC%8B%9D_bad_%ED%95%B4%EC%A0%80%EC%BC%80%EC%9D%B4%EB%B8%94%EB%8B%A8%EC%84%A0.png'),(14,'국제 운송 파업','국제 운송 파업으로 인해 물류 및 국제 무역에 차질이 생겼습니다.',-10,6,'https://economius.s3.ap-northeast-2.amazonaws.com/%EC%9D%B4%EB%B2%A4%ED%8A%B8_%EC%A3%BC%EC%8B%9D_bad_%EA%B5%AD%EC%A0%9C%EC%9A%B4%EC%86%A1%ED%8C%8C%EC%97%85.png'),(15,'전기차 배터리 폭발','전기차 배터리 폭발 사건으로 인해 전기차 산업에 문제가 발생합니다.',-10,5,'https://economius.s3.ap-northeast-2.amazonaws.com/%EC%9D%B4%EB%B2%A4%ED%8A%B8_%EC%A3%BC%EC%8B%9D_bad_%EC%A0%84%EA%B8%B0%EC%B0%A8%EB%B0%B0%ED%84%B0%EB%A6%AC%ED%8F%AD%EB%B0%9C.png'),(16,'원재료 가격 상승','제품 생산 비용이 증가하고, 주가가 하락합니다.',-10,2,'https://economius.s3.ap-northeast-2.amazonaws.com/%EC%9D%B4%EB%B2%A4%ED%8A%B8_%EC%A3%BC%EC%8B%9D_bad_%EC%9B%90%EC%9E%AC%EB%A3%8C%EA%B0%80%EA%B2%A9%EC%83%81%EC%8A%B9.png');
/*!40000 ALTER TABLE `event_stock` ENABLE KEYS */;
UNLOCK TABLES;

--
-- Dumping data for table `insurance`
--

LOCK TABLES `insurance` WRITE;
/*!40000 ALTER TABLE `insurance` DISABLE KEYS */;
INSERT INTO `insurance` (`insurance_id`, `insurance_type_id`, `product_name`, `product_code`, `monthly_deposit`, `guarantee_rate`) VALUES (1,1,'상해보험','HX',100000,30),(2,2,'상해특약보험','HS',300000,70),(3,3,'의료보험','MX',100000,30),(4,4,'의료특약보험','MS',300000,70);
/*!40000 ALTER TABLE `insurance` ENABLE KEYS */;
UNLOCK TABLES;

--
-- Dumping data for table `insurance_type`
--

LOCK TABLES `insurance_type` WRITE;
/*!40000 ALTER TABLE `insurance_type` DISABLE KEYS */;
INSERT INTO `insurance_type` (`insurance_type_id`, `type_code`, `type_name`) VALUES (1,'HX','상해'),(2,'HS','상해 특약'),(3,'MX','의료'),(4,'MS','의료 특약');
/*!40000 ALTER TABLE `insurance_type` ENABLE KEYS */;
UNLOCK TABLES;

--
-- Dumping data for table `issue`
--

LOCK TABLES `issue` WRITE;
/*!40000 ALTER TABLE `issue` DISABLE KEYS */;
INSERT INTO `issue` (`issue_id`, `name`, `type`, `country`, `year`, `description`, `url`) VALUES (1,'대공황',0,'미국','1929','월스트리트 대폭락으로 시작되어, 미국을 중심으로 세계적으로 경제 침체가 발생했습니다. 이로 인해 실업률 급증과 빈곤이 확산되었으며, 금융 시스템 붕괴와 물가 하락으로 인한 어려움이 지속됐습니다.','https://economius.s3.ap-northeast-2.amazonaws.com/%E1%84%83%E1%85%A2%E1%84%80%E1%85%A9%E1%86%BC%E1%84%92%E1%85%AA%E1%86%BC.jpg'),(2,'닉슨 쇼크',0,'미국','1971','리처드 닉슨 대통령이 달러와 금의 고정 환율 체제를 해체하여 원유 가격 급등과 인플레이션을 야기했습니다. 이로 인해 글로벌 경제에 큰 도전을 던지게 되었습니다.','https://economius.s3.ap-northeast-2.amazonaws.com/%E1%84%82%E1%85%B5%E1%86%AF%E1%84%89%E1%85%B3%E1%86%AB.jpg'),(3,'오일 쇼크',0,'중동','1973, 1979','중동에서 원유 생산량 제한과 원유 가격 상승으로 세계적으로 에너지 위기가 발생했습니다. 이로 인해 경제 위기와 에너지 의존성 문제가 부각되었습니다.','https://economius.s3.ap-northeast-2.amazonaws.com/%E1%84%8B%E1%85%A9%E1%84%8B%E1%85%B5%E1%86%AF%E1%84%89%E1%85%AD%E1%84%8F%E1%85%B3.jpg'),(4,'버블 경제 붕괴',0,'일본','1990년대','1980년대 후반, 부동산 및 주식 시장에서 급격한 가격 상승을 하였습니다. 그러나 1990년대 초, 이 버블이 붕괴하여 일본은 금융 위기와 장기 침체에 직면했습니다.','https://economius.s3.ap-northeast-2.amazonaws.com/%E1%84%87%E1%85%A5%E1%84%87%E1%85%B3%E1%86%AF%E1%84%80%E1%85%A7%E1%86%BC%E1%84%8C%E1%85%A6%E1%84%87%E1%85%AE%E1%86%BC%E1%84%80%E1%85%AC.jpg'),(5,'아시아 금융위기',0,'아시아','1997','아시아 국가들의 금융 붕괴와 환율 폭락으로 경제 위기를 야기했습니다. 이 사태로 인해 국제 금융 시장에도 영향을 미쳤습니다.','https://economius.s3.ap-northeast-2.amazonaws.com/%E1%84%8B%E1%85%A1%E1%84%89%E1%85%B5%E1%84%8B%E1%85%A1%E1%84%80%E1%85%B3%E1%86%B7%E1%84%8B%E1%85%B2%E1%86%BC%E1%84%8B%E1%85%B1%E1%84%80%E1%85%B5.jpg'),(6,'닷컴 버블 붕괴',0,'미국','2000','IT 기업 주식 시장의 급락으로 IT 버블이 붕괴했습니다. 이로 인해 수많은 인터넷 회사가 파산하고 주식 시장에 큰 충격을 주었습니다.','https://economius.s3.ap-northeast-2.amazonaws.com/%E1%84%83%E1%85%A1%E1%86%BA%E1%84%8F%E1%85%A5%E1%86%B7%E1%84%87%E1%85%A5%E1%84%87%E1%85%B3%E1%86%AF%E1%84%87%E1%85%AE%E1%86%BC%E1%84%80%E1%85%AC.jpg'),(7,'9.11 테러',0,'미국','2001','2001년 9월 11일, 테러 공격으로 미국의 뉴욕과 워싱턴 D.C.가 공격당하며, 세계 경제에 큰 충격을 주었습니다.','https://economius.s3.ap-northeast-2.amazonaws.com/911%E1%84%90%E1%85%A2%E1%84%85%E1%85%A5.jpg'),(8,'2008 금융 위기',0,'미국','2008','서브프라임 모기지 부실채권과 금융 기관의 붕괴로 인해 2008년에 글로벌 금융 위기가 발생하였으며, 경제 회복에 오랜 시간이 걸렸습니다.','https://economius.s3.ap-northeast-2.amazonaws.com/2008%E1%84%80%E1%85%B3%E1%86%B7%E1%84%8B%E1%85%B2%E1%86%BC%E1%84%8B%E1%85%B1%E1%84%80%E1%85%B5.jpg'),(9,'브렉시트',0,'영국','2016','영국이 유럽연합(EU)에서 탈퇴하기로 결정한 사건으로, 유럽의 경제와 정치적 상황에 영향을 미쳤으며, 미래의 경제 관계에 대한 불확실성을 초래했습니다.','https://economius.s3.ap-northeast-2.amazonaws.com/%E1%84%87%E1%85%B3%E1%84%85%E1%85%A6%E1%86%A8%E1%84%89%E1%85%B5%E1%84%90%E1%85%B3.jpg'),(10,'코로나19',0,'중국','2020','2019년 말부터 발생한 코로나19 팬데믹으로, 세계적으로 건강 위기를 초래하며 경제에도 심각한 영향을 미쳤습니다. 봉쇄조치로 인한 폐업이 늘어나면서 실업률이 급증하고 소비가 감소하였습니다.','https://economius.s3.ap-northeast-2.amazonaws.com/%E1%84%8F%E1%85%A9%E1%84%87%E1%85%B5%E1%84%83%E1%85%B319.jpg'),(11,'남해회사 거품 사태',0,'영국','1720','18세기 초, 영국에서 발생한 금융 사기 사건으로, 남해 회사 주식 가격이 폭등하고 붕괴함으로써 많은 투자자에게 손실을 초래했습니다. 이는 공인회계사와 회계감사제도 탄생의 계기가 되었습니다.','https://economius.s3.ap-northeast-2.amazonaws.com/%E1%84%82%E1%85%A1%E1%86%B7%E1%84%92%E1%85%A2%E1%84%92%E1%85%AC%E1%84%89%E1%85%A1%E1%84%80%E1%85%A5%E1%84%91%E1%85%AE%E1%86%B7%E1%84%89%E1%85%A1%E1%84%90%E1%85%A2.jpg'),(12,'검은 월요일',0,'미국','1987','미국 주식 시장이 급락하며 발생한 금융 위기로, 주식 시장에 대한 불안을 일으켰으며 글로벌 경제에 영향을 주었습니다.','https://economius.s3.ap-northeast-2.amazonaws.com/%E1%84%80%E1%85%A5%E1%86%B7%E1%84%8B%E1%85%B3%E1%86%AB%E1%84%8B%E1%85%AF%E1%86%AF%E1%84%8B%E1%85%AD%E1%84%8B%E1%85%B5%E1%86%AF.jpg'),(13,'세계 2차 대전',0,'전세계','1939','연합국과 추축국 사이에 대규모 국제 전쟁이 일어났습니다. 전세계를 휩쓸며 엄청난 인명 및 재정 손실을 야기했습니다. 나치 독일과 일본 제국이 항복하고, 유엔의 창설과 냉전 시대의 개막으로 이어졌습니다.','https://economius.s3.ap-northeast-2.amazonaws.com/%E1%84%89%E1%85%A6%E1%84%80%E1%85%A82%E1%84%8E%E1%85%A1%E1%84%83%E1%85%A2%E1%84%8C%E1%85%A5%E1%86%AB.jpg'),(14,'영광의 30년',1,'프랑스','1945','1945년부터 1970년대까지 프랑스는 전쟁 이후 경제의 급성장을 이뤘습니다. 고용률이 높고, 경제 성장률이 안정적이고, 소비와 투자가 활발히 일어났으며, 생활 수준이 향상되었습니다.','https://economius.s3.ap-northeast-2.amazonaws.com/%E1%84%8B%E1%85%A7%E1%86%BC%E1%84%80%E1%85%AA%E1%86%BC%E1%84%8B%E1%85%B430%E1%84%82%E1%85%A7%E1%86%AB.jpg'),(15,'마셜 플랜',1,'미국','1948','제2차 세계대전 후, 미국이 유럽 국가들의 경제 회복을 지원하기 위해 마셜플랜을 시행하였습니다. 미국의 재정 지원으로 인해 유럽 국가들이 경제적으로 회복하고 재건되었으며 서구 세계의 안정을 증진시켰습니다.','https://economius.s3.ap-northeast-2.amazonaws.com/%E1%84%86%E1%85%A1%E1%84%89%E1%85%A7%E1%86%AF%E1%84%91%E1%85%B3%E1%86%AF%E1%84%85%E1%85%A2%E1%86%AB.jpg'),(16,'한강의 기적',1,'한국','1962','대한민국이.수출 중심 경제 모델과 기술 혁신을 기반으로 빠르게 성장하여 세계에 인상적인 성과를 이뤘습니다. 대한민국을 선진국으로 발전시키는 데 기여했습니다.','https://economius.s3.ap-northeast-2.amazonaws.com/%E1%84%92%E1%85%A1%E1%86%AB%E1%84%80%E1%85%A1%E1%86%BC%E1%84%8B%E1%85%B4%E1%84%80%E1%85%B5%E1%84%8C%E1%85%A5%E1%86%A8.jpg'),(17,'독일 경제기적',1,'독일','1950','제2차 세계대전 후, 서독이 경제적으로 빠른 회복을 이룬 독일 경제기적은 마셜 플랜과 경제 구조 개혁 노력으로 이루어졌으며, 독일을 현대적인 산업화 국가로 변신시키는데 성공했습니다.','https://economius.s3.ap-northeast-2.amazonaws.com/%E1%84%83%E1%85%A9%E1%86%A8%E1%84%8B%E1%85%B5%E1%86%AF%E1%84%8B%E1%85%B4%E1%84%80%E1%85%A7%E1%86%BC%E1%84%8C%E1%85%A6%E1%84%80%E1%85%B5%E1%84%8C%E1%85%A5%E1%86%A8.jpg'),(18,'3저 호황',1,'한국','1986','낮은 인플레이션, 낮은 실업률, 그리고 낮은 경제 성장률을 동시에 경험하는 것으로, 대한민국의 경제 안정과 최대 호황에 기여했습니다.','https://economius.s3.ap-northeast-2.amazonaws.com/3%E1%84%8C%E1%85%A5%E1%84%92%E1%85%A9%E1%84%92%E1%85%AA%E1%86%BC.jpg'),(19,'뉴딜 정책',1,'미국','1933','루즈벨트 대통령의 뉴딜 정책은 대공황 시기에 경제 회복을 위해 공공 프로젝트와 사회 복지 프로그램을 실시하는 데 성공하여 미국 경제를 활성화시켰습니다.','https://economius.s3.ap-northeast-2.amazonaws.com/%E1%84%82%E1%85%B2%E1%84%83%E1%85%B5%E1%86%AF%E1%84%8C%E1%85%A5%E1%86%BC%E1%84%8E%E1%85%A2%E1%86%A8.jpg'),(20,'아베노믹스',1,'일본','2012','일본의 총리 아베 신조가 디플레이션과 경제 불확실성에 대항하기 위해 시행한 정책 패키지입니다. 통화 완화, 재정 정책, 구조 개혁을 포함하며, 경제 회복과 더불어 인플레이션 목표 달성을 목표로 하였습니다.','https://economius.s3.ap-northeast-2.amazonaws.com/%E1%84%8B%E1%85%A1%E1%84%87%E1%85%A6%E1%84%82%E1%85%A9%E1%84%86%E1%85%B5%E1%86%A8%E1%84%89%E1%85%B3.jpg'),(21,'대규모 양적 완화',1,'미국','2008','금융 위기 이후, 미국에서 중앙은행이 대규모 양적 완화를 시행하였습니다. 대량의 정부 채권을 매입하여, 금융시장에 자금을 공급하고 금리를 낮춰 경기가 활성화되었습니다.','https://economius.s3.ap-northeast-2.amazonaws.com/%E1%84%83%E1%85%A2%E1%84%80%E1%85%B2%E1%84%86%E1%85%A9%E1%84%8B%E1%85%A3%E1%86%BC%E1%84%8C%E1%85%A5%E1%86%A8%E1%84%8B%E1%85%AA%E1%86%AB%E1%84%92%E1%85%AA.jpg'),(22,'개혁개방',1,'중국','1978','중국을 세계 최대 경제 대국으로 발전시키기 위해 개혁 개방 정책이 시행되었습니다. 중국 경제의 산업화가 이루어지고 국제 무역이 크게 증가하였습니다.','https://economius.s3.ap-northeast-2.amazonaws.com/%E1%84%80%E1%85%A2%E1%84%92%E1%85%A7%E1%86%A8%E1%84%80%E1%85%A2%E1%84%87%E1%85%A1%E1%86%BC.jpg');
/*!40000 ALTER TABLE `issue` ENABLE KEYS */;
UNLOCK TABLES;

--
-- Dumping data for table `issue_stock`
--

LOCK TABLES `issue_stock` WRITE;
/*!40000 ALTER TABLE `issue_stock` DISABLE KEYS */;
INSERT INTO `issue_stock` (`issue_stock_id`, `issue_id`, `asset_type`, `asset_id`, `change_unit`, `change_reason`) VALUES (1,1,'금리',NULL,2,'경제 활성화를 위해 중앙은행이 금리를 낮추는 경향이 있습니다. 낮은 금리는 기업과 개인이 빌리기 쉽게 만들어 경제를 부양하려는 의도입니다. 그러나 이러한 조치가 항상 효과적이지는 않았고, 미국에서는 이를 \"유동성 함정\"이라고 부르기도 했습니다.'),(2,1,'금',NULL,4,'불확실성과 위기 상황에서는 금 같은 안전자산에 대한 수요가 증가합니다. 대공황 시기에도 이러한 경향이 나타났고, 금값은 상대적으로 안정적이거나 상승하는 경향이 있었습니다.'),(3,1,'부동산',NULL,3,'실업률 상승, 소비 하락 등은 부동산 시장에도 악영향을 미쳤습니다. 사람들이 집을 살 여력이 없게 되고, 기업도 확장을 멈추면서 부동산 가격은 급락했습니다. 또한, 당시의 높은 이자율과 대출 부족도 부동산 시장을 위축시켰습니다.'),(4,1,'주식',2,5,'경제 활동의 감소로 에너지 수요가 감소했습니다.'),(5,1,'주식',1,2,'제조업과 가정의 전기 사용량 감소'),(6,1,'주식',4,2,'산업 생산 감소로 인한 수요 하락'),(7,1,'주식',3,2,'건설과 제조업의 부진으로 수요 하락'),(8,1,'주식',5,3,'필수적인 의약품 수요는 유지되어 상대적으로 안정적이지만 금융 상태 악화로 하락'),(9,1,'주식',6,2,'사람들이 기본 필수품에만 초점을 맞추기 때문에, 고가의 바이오 의약품이나 연구에 대한 투자와 수요가 감소'),(10,1,'주식',7,3,'소비 지출의 급감으로 인한 판매 하락'),(11,1,'주식',8,2,'필수품이지만, 소비자들이 저렴한 제품을 찾음'),(12,1,'주식',15,2,'구매력 감소로 인한 신차 판매 감소'),(13,1,'주식',16,2,'소비와 제조가 크게 감소하므로, 반도체와 같은 고가의 고급 제품에 대한 수요는 크게 줄음'),(14,1,'주식',13,2,'제품 및 사람의 이동 감소로 인한 수요 하락'),(15,1,'주식',14,2,'신규 건설 프로젝트 부재 및 금융 지원 부족'),(16,1,'주식',11,3,'사람들이 기초 필수품에만 돈을 써서 수요 부족'),(17,1,'주식',12,4,'사람들이 기본 필수품에만 돈을 쓰려고 해서 엔터테인먼트나 비필수적인 소프트웨어에 대한 지출 감소'),(18,1,'주식',9,2,'사람들의 여행 예산이 크게 줄었음'),(19,1,'주식',10,2,'비필수적인 지출로 간주되어 소비 감소'),(20,2,'금리',NULL,4,'미국은 금-달러 표준을 끊고 환율을 자유롭게 띄웠습니다. 이로 인해 물가가 상승하고, 금리도 상승했습니다.'),(21,2,'금',NULL,4,'금-달러 표준이 끊어진 후 금값은 급등했습니다. 안전 자산으로의 수요가 증가했고, 달러의 가치 하락도 금값 상승을 견인했습니다.'),(22,2,'부동산',NULL,3,'높은 물가와 금리 상승은 부동산에 악영향을 미쳤 하락한 곳도 있지만 일부 지역에서는 투자의 대안으로 부동산이 이용되면서 가격이 상승하기도 하였습니다.'),(23,2,'주식',2,4,'오일 쇼크와 연계된 긴장 상태로 석유 가격이 상승했습니다.'),(24,2,'주식',1,2,'고금리와 물가 상승으로 인한 경제 둔화의 영향을 받았습니다.'),(25,2,'주식',4,2,'물가 상승과 경제 불확실성으로 인해 하락했습니다.'),(26,2,'주식',3,3,'안전 자산으로 볼 수 있는 제약 업계는 상대적으로 잘 버텼습니다.'),(27,2,'주식',5,3,'장기적인 투자 목적과 필수적인 연구로 상대적으로 안정을 유지했습니다.'),(28,2,'주식',6,2,'경기 둔화로 인해 소비자들의 구매력이 감소 되어 패션 아이템에 대한 수요가 줄었습니다.'),(29,2,'주식',7,3,'식품은 필수품이므로 상대적으로 안정적이었습니다.'),(30,2,'주식',8,2,'높은 금리와 물가 상승으로 소비가 줄어들었습니다.'),(31,2,'주식',15,4,'기술 발전과 미래 가치에 대한 기대감이 있었습니다.'),(32,2,'주식',16,2,'경제의 둔화와 연료비 상승의 영향을 받았습니다.'),(33,2,'주식',13,2,'높은 금리로 인한 건설 자금 조달 어려움과 수요 감소가 있었습니다.'),(34,2,'주식',14,3,'일반적인 경제 상황의 불확실성 때문입니다.'),(35,2,'주식',11,4,'장기적 가치와 미래 성장에 대한 기대감이 있었습니다.'),(36,2,'주식',12,2,'경제 불확실성과 물가 상승으로 여행에 대한 지출을 줄였습니다.'),(37,2,'주식',9,2,'여가 지출의 감소와 같은 이유로 하락했습니다.'),(38,3,'금리',NULL,4,'오일 가격의 급등은 물가 상승을 초래하며, 이로 인해 중앙은행이 금리를 인상했습니다.'),(39,3,'금',NULL,4,'경제의 불확실성과 글로벌 경제의 불안이 커지면서 금과 같은 안전자산에 대한 수요가 증가했습니다.'),(40,3,'부동산',NULL,2,'금리 상승과 경제 불확실성은 부동산 시장에 악영향을 미쳤습니다.'),(41,3,'주식',2,5,'오일 쇼크로 인해 석유 가격이 급등했습니다.'),(42,3,'주식',1,2,'고유가와 물가 상승으로 전기 생산 비용이 증가했습니다.'),(43,3,'주식',4,2,'고유가로 인한 생산 비용 상승과 수요 감소가 있었습니다.'),(44,3,'주식',3,3,'경제 불확실성과 물가 상승의 영향을 받았습니다.'),(45,3,'주식',5,3,'안전 자산으로 볼 수 있는 제약 업계는 상대적으로 잘 버텼습니다.'),(46,3,'주식',6,3,'장기적인 투자 목적과 필수적인 연구로 상대적으로 안정을 유지했습니다.'),(47,3,'주식',7,2,'경기 둔화로 인해 소비자들의 구매력이 감소 되어 패션 아이템에 대한 수요가 줄었습니다.'),(48,3,'주식',8,3,'식품은 필수품이므로 상대적으로 안정적입니다.'),(49,3,'주식',15,2,'고유가로 인한 연료 비용 상승과 물가 상승으로 자동차에 대한 수요가 감소했습니다.'),(50,3,'주식',16,4,'기술 발전과 미래 가치에 대한 기대감이 있었습니다.'),(51,3,'주식',13,2,'고유가로 인한 운송 비용 증가와 경제 불확실성이 있었습니다.'),(52,3,'주식',14,2,'높은 금리로 인한 건설 자금 조달 어려움과 수요 감소가 있었습니다.'),(53,3,'주식',11,3,'일반적인 경제 상황의 불확실성 때문입니다.'),(54,3,'주식',12,4,'장기적 가치와 미래 성장에 대한 기대감이 있었습니다.'),(55,3,'주식',9,2,'경제 불확실성과 물가 상승으로 여행에 대한 지출을 줄였습니다.'),(56,3,'주식',10,2,'여가 지출의 감소로 엔터테인먼트 산업도 타격을 입었습니다.'),(57,4,'금리',NULL,2,'경제 활성화를 위해 일본 은행이 금리를 낮추었습니다.'),(58,4,'금',NULL,4,'경제의 불확실성과 글로벌 경제의 불안이 커지면서 금과 같은 안전자산에 대한 수요가 증가했습니다.'),(59,4,'부동산',NULL,1,'버블 경제의 붕괴로 부동산 가격이 크게 떨어졌습니다.'),(60,4,'주식',2,2,'경제 활동의 감소로 에너지 수요가 감소했습니다.'),(61,4,'주식',1,2,'수요 감소와 함께 전반적인 경제 침체가 영향을 미쳤습니다.'),(62,4,'주식',4,2,'제조업의 부진과 함께 화학 산업도 타격을 입었습니다.'),(63,4,'주식',3,2,'건설 산업의 부진으로 철강 수요가 줄었습니다.'),(64,4,'주식',5,2,'일반적인 경제 침체의 영향을 받았습니다.'),(65,4,'주식',6,2,'연구 및 개발 자금이 줄어들면서 바이오 산업도 타격을 입었습니다.'),(66,4,'주식',7,2,'경기 둔화로 인해 소비자들의 구매력이 감소 되어 패션 아이템에 대한 수요가 줄었습니다.'),(67,4,'주식',8,2,'필수품인 식품은 상대적으로 덜 타격을 입었지만 하락했습니다.'),(68,4,'주식',15,2,'내수 및 수출 모두 감소했습니다.'),(69,4,'주식',16,2,'전반적인 제조업의 부진이 반도체 산업에도 영향을 미쳤습니다.'),(70,4,'주식',13,2,'무역과 내수가 모두 감소했습니다.'),(71,4,'주식',14,1,'부동산 버블 붕괴 후 건설 산업이 큰 타격을 입었습니다.'),(72,4,'주식',11,2,'경제의 부진으로 기업 및 개인의 통신비 지출이 줄었습니다.'),(73,4,'주식',12,2,'IT 투자가 줄어들면서 소프트웨어 산업도 타격을 입었습니다.'),(74,4,'주식',9,2,'경제의 불확실성과 함께 여행과 관련된 지출이 줄었습니다.'),(75,4,'주식',10,2,'여가 지출의 감소로 엔터테인먼트 산업도 타격을 입었습니다.'),(76,5,'금리',NULL,4,'국제 투자자들의 자금 유출을 막기 위해 중앙은행이 금리를 올렸습니다.'),(77,5,'금',NULL,4,'경제의 불확실성과 글로벌 경제의 불안이 커지면서 금과 같은 안전자산에 대한 수요가 증가했습니다.'),(78,5,'부동산',NULL,2,'빚을 갚기 위해 많은 부동산이 매각되어 가격이 떨어졌습니다.'),(79,5,'주식',2,2,'경제 활동의 감소로 에너지 수요가 감소했습니다.'),(80,5,'주식',1,2,'경제활동의 감소로 전력 수요가 줄었습니다.'),(81,5,'주식',4,2,'제조업의 부진으로 화학 산업도 타격을 입었습니다.'),(82,5,'주식',3,2,'건설과 제조업이 줄어들면서 철강에 대한 수요가 감소했습니다.'),(83,5,'주식',5,2,'경제의 부진으로 인해 고가의 의약품에 대한 수요가 감소했습니다.'),(84,5,'주식',6,2,'R&D 투자가 줄어들었고, 전반적인 시장의 부진이 영향을 미쳤습니다.'),(85,5,'주식',7,2,'경기 둔화로 인해 소비자들의 구매력이 감소 되어 패션 아이템에 대한 수요가 줄었습니다.'),(86,5,'주식',8,3,'식품은 필수품이므로 상대적으로 안정적입니다.'),(87,5,'주식',15,2,'구매력 감소와 수출 부진으로 자동차 판매가 줄었습니다.'),(88,5,'주식',16,2,'전자 제품의 수요 감소와 함께 반도체 시장도 부진했습니다.'),(89,5,'주식',13,2,'무역이 감소하면서 운송 산업이 타격을 받았습니다.'),(90,5,'주식',14,2,'부동산 가격 하락과 경제 부진으로 건설 프로젝트가 줄었습니다.'),(91,5,'주식',11,2,'경제의 부진으로 기업 및 개인의 통신비 지출이 줄었습니다.'),(92,5,'주식',12,2,'IT 투자가 줄어들면서 소프트웨어 산업도 타격을 입었습니다.'),(93,5,'주식',9,2,'경제의 불확실성과 함께 여행과 관련된 지출이 줄었습니다.'),(94,5,'주식',10,2,'여가 지출의 감소로 엔터테인먼트 산업도 타격을 입었습니다.'),(95,6,'금리',NULL,2,'미국 연방준비제도와 다른 중앙은행들은 금리를 낮추어 금융 시장을 안정시키고 경제를 부양하려 했습니다.'),(96,6,'금',NULL,4,'경제의 불확실성과 글로벌 경제의 불안이 커지면서 금과 같은 안전자산에 대한 수요가 증가했습니다.'),(97,6,'부동산',NULL,4,'주식시장의 불안정성으로 다른 자산 클래스로의 이동이 있었습니다.'),(98,6,'주식',2,3,'에너지는 기본적인 필요로 인해 상대적으로 안정적이었습니다.'),(99,6,'주식',1,3,'필수적인 에너지로 수요가 유지되었습니다.'),(100,6,'주식',4,2,'제조업의 부진으로 화학 산업도 타격을 입었습니다.'),(101,6,'주식',3,2,'건설과 제조업이 줄어들면서 철강에 대한 수요가 감소했습니다.'),(102,6,'주식',5,3,'필수적인 의약품과 서비스로 수요가 유지되었습니다.'),(103,6,'주식',6,2,'투자자들이 위험 자산에서 벗어나려 했기 때문입니다.'),(104,6,'주식',7,2,'경기 둔화로 인해 소비자들의 구매력이 감소 되어 패션 아이템에 대한 수요가 줄었습니다.'),(105,6,'주식',8,3,'식품은 필수품이므로 상대적으로 안정적입니다.'),(106,6,'주식',15,2,'경기 부진과 소비자의 구매력 감소로 인해 판매가 둔화했습니다.'),(107,6,'주식',16,2,'IT 버블 붕괴로 인해 투자와 수요가 감소했습니다.'),(108,6,'주식',13,2,'무역과 경제 활동의 감소로 운송 업종이 타격을 받았습니다.'),(109,6,'주식',14,2,'경제의 불확실성으로 건설 프로젝트가 줄어들었습니다.'),(110,6,'주식',11,2,'닷컴 버블과 연관된 통신 장비 회사들의 주가가 급락했습니다.'),(111,6,'주식',12,2,'IT 투자가 줄어들면서 소프트웨어 산업도 타격을 입었습니다.'),(112,6,'주식',9,2,'경제의 불확실성과 함께 여행과 관련된 지출이 줄었습니다.'),(113,6,'주식',10,2,'여가 지출의 감소로 엔터테인먼트 산업도 타격을 입었습니다.'),(114,7,'금리',NULL,2,'미국 연방준비제도와 다른 중앙은행들은 금리를 낮추어 금융 시장을 안정시키고 경제를 부양하려 했습니다.'),(115,7,'금',NULL,4,'경제의 불확실성과 글로벌 경제의 불안이 커지면서 금과 같은 안전자산에 대한 수요가 증가했습니다.'),(116,7,'부동산',NULL,3,'부동산은 상대적으로 안정적인 자산 클래스로 간주되기 때문에 큰 타격은 없었습니다.'),(117,7,'주식',2,4,'미래의 공급 불안정을 우려한 결과입니다.'),(118,7,'주식',1,3,'필수적인 에너지로 수요가 유지되었습니다.'),(119,7,'주식',4,2,'제조업의 부진으로 화학 산업도 타격을 입었습니다.'),(120,7,'주식',3,2,'건설과 제조업이 줄어들면서 철강에 대한 수요가 감소했습니다.'),(121,7,'주식',5,3,'필수적인 의약품과 서비스로 수요가 유지되었습니다.'),(122,7,'주식',6,3,'장기적인 투자 목적과 필수적인 연구로 상대적으로 안정을 유지했습니다.'),(123,7,'주식',7,2,'경기 둔화로 인해 소비자들의 구매력이 감소 되어 패션 아이템에 대한 수요가 줄었습니다.'),(124,7,'주식',8,3,'식품은 필수품이므로 상대적으로 안정적입니다.'),(125,7,'주식',15,2,'경기의 불확실성으로 대형 지출이 줄었습니다.'),(126,7,'주식',16,2,'산업 전반의 불확실성으로 인한 수요 감소가 있었습니다.'),(127,7,'주식',13,2,'국제 여행과 무역이 크게 감소했습니다.'),(128,7,'주식',14,2,'경제의 불확실성으로 건설 프로젝트가 줄어들었습니다.'),(129,7,'주식',11,2,'시장의 불확실성으로 인해 일시적으로 주가가 하락했습니다.'),(130,7,'주식',12,2,'시장의 불확실성으로 인해 일시적으로 주가가 하락했습니다.'),(131,7,'주식',9,2,'시장의 불확실성으로 인해 일시적으로 주가가 하락했습니다.'),(132,7,'주식',10,2,'시장의 불확실성으로 인해 일시적으로 주가가 하락했습니다.'),(133,8,'금리',NULL,2,'미국 연방준비제도와 다른 중앙은행들은 금리를 낮추어 금융 시장을 안정시키고 경제를 부양하려 했습니다.'),(134,8,'금',NULL,4,'경제의 불확실성과 글로벌 경제의 불안이 커지면서 금과 같은 안전자산에 대한 수요가 증가했습니다.'),(135,8,'부동산',NULL,1,'부동산 시장은 서브프라임 모기지 위기의 중심에 있었고, 이로 인해 가격이 크게 하락했습니다.'),(136,8,'주식',2,2,'경제 활동의 감소로 에너지 수요가 감소했습니다.'),(137,8,'주식',1,3,'필수적인 에너지로 수요가 유지되었습니다.'),(138,8,'주식',4,2,'제조업의 부진으로 화학 산업도 타격을 입었습니다.'),(139,8,'주식',3,2,'건설과 제조업이 줄어들면서 철강에 대한 수요가 감소했습니다.'),(140,8,'주식',5,3,'필수적인 의약품과 서비스로 수요가 유지되었습니다.'),(141,8,'주식',6,3,'장기적인 투자 목적과 필수적인 연구로 상대적으로 안정을 유지했습니다.'),(142,8,'주식',7,2,'경기 둔화로 인해 소비자들의 구매력이 감소 되어 패션 아이템에 대한 수요가 줄었습니다.'),(143,8,'주식',8,3,'식품은 필수품이므로 상대적으로 안정적입니다.'),(144,8,'주식',15,2,'경기의 불확실성으로 대형 지출이 줄었습니다.'),(145,8,'주식',16,2,'산업 전반의 불확실성으로 인한 수요 감소가 있었습니다.'),(146,8,'주식',13,1,'국제 여행과 무역이 크게 감소했습니다.'),(147,8,'주식',14,2,'경제의 불확실성으로 건설 프로젝트가 줄어들었습니다.'),(148,8,'주식',11,2,'시장의 불확실성으로 인해 일시적으로 주가가 하락했습니다.'),(149,8,'주식',12,2,'시장의 불확실성으로 인해 일시적으로 주가가 하락했습니다.'),(150,8,'주식',9,1,'시장의 불확실성으로 인해 일시적으로 주가가 하락했습니다.'),(151,8,'주식',10,2,'시장의 불확실성으로 인해 일시적으로 주가가 하락했습니다.'),(152,9,'금리',NULL,2,'영국 중앙은행은 경제를 부양하고 불확실성을 완화시키기 위해 금리를 낮췄습니다.'),(153,9,'금',NULL,4,'경제의 불확실성과 글로벌 경제의 불안이 커지면서 금과 같은 안전자산에 대한 수요가 증가했습니다.'),(154,9,'부동산',NULL,2,'브렉시트의 불확실성은 영국 내외의 투자자들이 부동산 투자에서 손을 뗄 수 있게 만들었습니다.'),(155,9,'주식',2,2,'경제 활동의 감소로 에너지 수요가 감소했습니다.'),(156,9,'주식',1,3,'필수적인 에너지로 수요가 유지되었습니다.'),(157,9,'주식',4,2,'제조업의 부진으로 화학 산업도 타격을 입었습니다.'),(158,9,'주식',3,2,'건설과 제조업이 줄어들면서 철강에 대한 수요가 감소했습니다.'),(159,9,'주식',5,2,'브렉시트로 인한 무역 장벽과 규제에 대한 불확실성이 있었습니다.'),(160,9,'주식',6,2,'무역과 연구 자금에 대한 불확실성이 증가했습니다.'),(161,9,'주식',7,2,'경기 둔화로 인해 소비자들의 구매력이 감소 되어 패션 아이템에 대한 수요가 줄었습니다.'),(162,9,'주식',8,3,'식품은 필수품이므로 상대적으로 안정적입니다.'),(163,9,'주식',15,2,'경기의 불확실성으로 대형 지출이 줄었습니다.'),(164,9,'주식',16,2,'산업 전반의 불확실성으로 인한 수요 감소가 있었습니다.'),(165,9,'주식',13,2,'무역과 여행의 불확실성이 증가했습니다.'),(166,9,'주식',14,2,'경제 불확실성과 투자 감소로 주가가 하락했습니다.'),(167,9,'주식',11,2,'시장의 불확실성으로 인해 일시적으로 주가가 하락했습니다.'),(168,9,'주식',12,2,'시장의 불확실성으로 인해 일시적으로 주가가 하락했습니다.'),(169,9,'주식',9,2,'시장의 불확실성으로 인해 일시적으로 주가가 하락했습니다.'),(170,9,'주식',10,2,'시장의 불확실성으로 인해 일시적으로 주가가 하락했습니다.'),(171,10,'금리',NULL,2,'경기가 둔화되면 중앙은행은 금리를 낮춰 경기를 부양합니다.'),(172,10,'금',NULL,4,'경제의 불확실성과 글로벌 경제의 불안이 커지면서 금과 같은 안전자산에 대한 수요가 증가했습니다.'),(173,10,'부동산',NULL,4,'팬데믹이 시작된 이후 일부 지역에서는 부동산 가격이 상승했습니다. 이는 낮은 금리와 원거리 근무 트렌드 등에 기인합니다.'),(174,10,'주식',2,2,'경제 활동의 감소로 에너지 수요가 감소했습니다.'),(175,10,'주식',1,3,'경제 활동의 감소로 일시적으로 하락했으나 지속가능한 에너지에 대한 관심이 높아져 일부 전기 관련 주식이 상승했습니다.'),(176,10,'주식',4,2,'제조업의 부진으로 화학 산업도 타격을 입었습니다.'),(177,10,'주식',3,2,'건설과 제조업이 줄어들면서 철강에 대한 수요가 감소했습니다.'),(178,10,'주식',5,5,'백신과 치료제 개발로 일부 제약 주식이 상승했습니다.'),(179,10,'주식',6,5,'코로나 백신/치료제 개발에 참여한 바이오기업은 대체로 긍정적인 영향을 받았습니다.'),(180,10,'주식',7,4,'온라인 쇼핑의 성장으로 일부 브랜드가 이익을 보았습니다.'),(181,10,'주식',8,3,'식품은 필수품이므로 상대적으로 안정적입니다.'),(182,10,'주식',15,3,'팬데믹 초기에는 매출 감소가 있었으나, 전기차 등 신기술에 대한 투자가 확대되면서 회복하고 있습니다.'),(183,10,'주식',16,4,'경제 활동의 감소로 일시적으로 하락했으나 원격 근무와 디지털화가 가속화되면서 수요가 증가했습니다.'),(184,10,'주식',13,2,'여행 제한과 물류 문제로 부정적 영향을 받았습니다.'),(185,10,'주식',14,2,'인프라 투자가 확대되면서 어느 정도 회복되고 있습니다.'),(186,10,'주식',11,4,'경제 활동의 감소로 일시적으로 하락했으나 원격 작업과 미디어 스트리밍 수요 증가로 상승했습니다.'),(187,10,'주식',12,4,'경제 활동의 감소로 일시적으로 하락했으나 클라우드, 보안, 원격 협업 도구 등의 수요가 증가했습니다.'),(188,10,'주식',9,1,'여행 제한과 물류 문제로 부정적 영향을 받았습니다.'),(189,10,'주식',10,2,'사람들이 집에 더 많이 머무르게 되면서, 온라인 엔터테인먼트 산업은 크게 성장했습니다.'),(190,11,'금리',NULL,4,'투자자들이 안전한 자산을 찾으려고 하여, 이로 인해 정부 채권 등 안전 자산에 대한 수요가 증가했습니다.'),(191,11,'금',NULL,5,'금융 불안정성이 증가하자 투자자들이 안전한 하드자산인 금으로 자산을 보호하려 했습니다.'),(192,11,'부동산',NULL,2,'투자 심리가 위축되면서 부동산 가격이 하락하였습니다.'),(193,11,'주식',2,2,'경제 활동의 감소로 에너지 수요가 감소했습니다.'),(194,11,'주식',1,3,'필수적인 에너지로 수요가 유지되었습니다.'),(195,11,'주식',4,2,'경기 침체로 인해 산업 생산이 감소하면서 화학 업종도 타격을 입었습니다.'),(196,11,'주식',3,2,'건설과 제조업이 줄어들면서 철강에 대한 수요가 감소했습니다.'),(197,11,'주식',5,3,'필수적인 의약품과 서비스로 수요가 유지되었습니다.'),(198,11,'주식',6,4,'안전한 투자처로 인식되어 투자수요가 증가하였습니다.'),(199,11,'주식',7,2,'경기 침체로 인해 소비자 지출이 감소하면서 수요가 감소했습니다.'),(200,11,'주식',8,3,'식품은 필수품이므로 상대적으로 안정적입니다.'),(201,11,'주식',15,2,' 경기 침체로 인해 자동차 수요가 감소하였습니다.'),(202,11,'주식',16,2,'경제 불확실성과 투자 감소로 주가가 하락했습니다.'),(203,11,'주식',13,2,'경제 불확실성과 투자 감소로 주가가 하락했습니다.'),(204,11,'주식',14,2,'경제 불확실성과 투자 감소로 주가가 하락했습니다.'),(205,11,'주식',11,3,'통신 기술의 필수성이 계속해서 증가하면서 안정세를 유지했습니다.'),(206,11,'주식',12,3,'원격 작업 및 디지털 서비스의 수요 증가로 인해 안정세를 유지하였습니다.'),(207,11,'주식',9,1,'경기 침체로 인해 소비자 지출이 감소하여, 큰 타격을 받았습니다.'),(208,11,'주식',10,1,'경기 침체로 인해 소비자 지출이 감소하여, 큰 타격을 받았습니다.'),(209,12,'금리',NULL,2,'미국 연방준비제도와 다른 중앙은행들은 금리를 낮추어 금융 시장을 안정시키고 경제를 부양하려 했습니다.'),(210,12,'금',NULL,4,'금은 전통적으로 안전 자산으로 여겨지므로 주식 시장의 급락에 대한 대안으로 수요가 증가했습니다.'),(211,12,'부동산',NULL,2,'금융 시장의 불안정성은 부동산 시장에도 영향을 미쳤고, 투자자들이 덜 위험한 자산으로 자금을 옮기려 했습니다.'),(212,12,'주식',2,2,'경제 활동의 감소로 에너지 수요가 감소했습니다.'),(213,12,'주식',1,2,'경제 활동의 감소로 일시적으로 하락했습니다.'),(214,12,'주식',4,2,'제조업의 부진으로 화학 산업도 타격을 입었습니다.'),(215,12,'주식',3,2,'건설과 제조업이 줄어들면서 철강에 대한 수요가 감소했습니다.'),(216,12,'주식',5,3,'필수적인 의약품과 서비스로 수요가 유지되었습니다.'),(217,12,'주식',6,3,'장기적인 투자 목적과 필수적인 연구로 상대적으로 안정을 유지했습니다.'),(218,12,'주식',7,2,'경기 둔화로 인해 소비자들의 구매력이 감소 되어 패션 아이템에 대한 수요가 줄었습니다.'),(219,12,'주식',8,3,'식품은 필수품이므로 상대적으로 안정적입니다.'),(220,12,'주식',15,2,'경기의 불확실성으로 대형 지출이 줄었습니다.'),(221,12,'주식',16,2,'산업 전반의 불확실성으로 인한 수요 감소가 있었습니다.'),(222,12,'주식',13,2,'무역과 여행의 불확실성이 증가했습니다.'),(223,12,'주식',14,2,'경제 불확실성과 투자 감소로 주가가 하락했습니다.'),(224,12,'주식',11,3,'다른 업종보다 상대적으로 안정적이었지만 기업 및 개인의 IT 소비가 줄어들었습니다.'),(225,12,'주식',12,3,'다른 업종보다 상대적으로 안정적이었지만 기업 및 개인의 IT 소비가 줄어들었습니다.'),(226,12,'주식',9,2,'경제의 불확실성과 함께 여행과 관련된 지출이 줄었습니다.'),(227,12,'주식',10,2,'여가 지출의 감소로 엔터테인먼트 산업도 타격을 입었습니다.'),(228,13,'금리',NULL,2,'전쟁 중에는 정부가 경제를 촉진하고 전쟁 자금을 마련하기 위해 일반적으로 금리를 낮추려고 합니다.'),(229,13,'금',NULL,4,'전쟁과 같은 불확실성 높은 시기에는 금과 같은 안전 자산에 대한 수요가 증가합니다.'),(230,13,'부동산',NULL,3,'전쟁으로 인해 일부 지역에서는 부동산 가격이 급락했으나, 전쟁 산업이 활성화된 지역에서는 부동산 가격이 상승하기도 했습니다.'),(231,13,'주식',2,4,'전쟁은 에너지 수요, 특히 석유에 대한 수요를 증가시켰습니다.'),(232,13,'주식',1,1,'전쟁으로 인한 에너지 공급에 대한 불안정성이 부정적인 영향을 미쳤습니다.'),(233,13,'주식',4,4,'화학 산업은 폭약, 무기, 약품 등 다양한 전쟁 자원을 제공했습니다.'),(234,13,'주식',3,4,'무기, 탱크, 함선 등의 제조에는 대량의 철강이 필요했습니다.'),(235,13,'주식',5,5,'전쟁 중에는 의약품과 의료 서비스에 대한 수요가 증가합니다.'),(236,13,'주식',6,4,'전쟁 중에는 의약품과 의료 서비스에 대한 수요가 증가합니다.'),(237,13,'주식',7,4,'소비자 신뢰가 저하되고, 패션에 대한 수요가 감소하였습니다.'),(238,13,'주식',8,4,'많은 자동차 회사들이 군사 차량을 생산하게 되면서 매출이 증가했습니다.'),(239,13,'주식',15,4,'전쟁으로 인해 군사 및 인프라 요구가 높아져, 자동차에 대한 수요가 증가하였습니다.'),(240,13,'주식',16,1,'불안정한 글로벌 공급망에 영향을 받아, 재료 및 생산에 불안정성이 증가하였습니다.'),(241,13,'주식',13,4,'병력과 물자의 이동이 빈번히 이루어져 운송 산업이 활성화되었습니다.'),(242,13,'주식',14,4,'전쟁으로 파괴된 인프라를 재건하는 데 건설이 필요했습니다.'),(243,13,'주식',11,4,'전쟁으로 인해 군사 및 인프라 요구가 높아져, 통신 기술에 대한 수요가 증가하였습니다.'),(244,13,'주식',12,4,'소프트웨어와 같은 필수품에 대한 수요가 증가하였습니다.'),(245,13,'주식',9,1,'전쟁 중에는 관광이 크게 줄어들었습니다.'),(246,13,'주식',10,1,'대규모의 엔터테인먼트 행사나 소비는 전쟁 동안 제한되었습니다.'),(247,14,'금리',NULL,3,'경제가 좋을 때는 금리가 상승하는 경향이 있습니다. 그러나 이 기간 동안에는 정부 정책, 인플레이션 등 여러 요인에 의해 금리가 다양하게 변동했습니다.'),(248,14,'금',NULL,2,'안정적인 투자 대상으로 볼 때, 경제가 좋은 시기에는 금 가격은 상대적으로 안정적이거나 하락하는 경향이 있습니다.'),(249,14,'부동산',NULL,4,'경제가 성장하면서 부동산 가격은 대체로 상승했습니다.'),(250,14,'주식',2,4,'경제 성장과 함께 석유 수요가 증가했습니다.'),(251,14,'주식',1,4,'산업화와 함께 전기 수요가 증가했습니다.'),(252,14,'주식',4,4,'경제 성장과 함께 화학 제품 수요가 증가했습니다.'),(253,14,'주식',3,4,'경제 성장과 함께 철강 수요가 증가했습니다.'),(254,14,'주식',5,4,'인구 증가와 고령화, 그리고 새로운 의학적 발견으로 제약 주식이 상승했습니다.'),(255,14,'주식',6,3,'이 시기에 바이오산업은 아직 초기 단계였지만, 전망이 밝았습니다.'),(256,14,'주식',7,4,'경제의 회복과 사람들의 생활 수준 향상에 따른 패션 관련 소비 증가했습니다.'),(257,14,'주식',8,4,'지속적으로 안정적인 성장을 했습니다.'),(258,14,'주식',15,5,'경제 성장으로 인해 자동차 수요가 폭발적으로 증가했습니다.'),(259,14,'주식',16,4,'초기 단계였으나, 미래 성장의 기반이 되었습니다.'),(260,14,'주식',13,4,'경제 활동 증가에 따라 운송 산업이 활발해졌습니다.'),(261,14,'주식',14,4,'도시화와 인프라 구축으로 건설 산업이 활성화되었습니다.'),(262,14,'주식',11,4,'통신 산업이 초기 단계였지만, 미래 성장을 위한 기반을 마련했습니다.'),(263,14,'주식',12,3,'이 시기에는 아주 초기 단계였습니다.'),(264,14,'주식',9,4,'중산층의 등장과 함께 관광 산업이 성장했습니다.'),(265,14,'주식',10,4,'경제의 회복과 함께 엔터테인먼트 산업도 성장했습니다.'),(266,15,'금리',NULL,4,'경제가 회복되면서 금리도 일반적으로 상승하는 경향이 있습니다.'),(267,15,'금',NULL,2,'안정적인 투자 대상으로 볼 때, 경제가 좋은 시기에는 금 가격은 상대적으로 안정적이거나 하락하는 경향이 있습니다.'),(268,15,'부동산',NULL,4,'복구되는 경제와 함께 부동산 시장도 활성화되어 가격과 투자가 증가했습니다.'),(269,15,'주식',2,4,'복구와 산업화로 석유 수요가 증가했습니다.'),(270,15,'주식',1,4,'복구와 산업화로 전력 수요가 증가했습니다.'),(271,15,'주식',4,4,'산업 복구에 필요한 화학 제품의 수요가 증가했습니다.'),(272,15,'주식',3,4,'건설과 인프라 재건에 필요한 철강 수요가 크게 증가했습니다.'),(273,15,'주식',5,4,'전쟁 후 건강 문제와 질병으로 인한 제약 수요가 증가했습니다.'),(274,15,'주식',6,3,'이 시기에 바이오산업은 아직 초기 단계였지만, 전망이 밝았습니다.'),(275,15,'주식',7,4,'경제의 회복과 사람들의 생활 수준 향상에 따른 패션 관련 소비 증가했습니다.'),(276,15,'주식',8,4,'농업의 회복과 수입 증가로 식품 산업이 성장했습니다.'),(277,15,'주식',15,5,'전쟁 후 인프라와 경제의 복원으로 자동차 수요가 폭발적으로 증가했습니다.'),(278,15,'주식',16,4,'초기 단계였으나, 미래 성장의 기반이 되었습니다.'),(279,15,'주식',13,4,'전쟁 후 인프라의 복원과 무역 증가로 운송 산업이 성장했습니다.'),(280,15,'주식',14,4,'큰 파괴를 겪은 유럽에서 건설 산업은 빠르게 성장했습니다.'),(281,15,'주식',11,4,'전쟁 후 통신 인프라의 복원과 확장이 이루어졌습니다.'),(282,15,'주식',12,3,'이 시기에는 아주 초기 단계였습니다.'),(283,15,'주식',9,3,'안정화된 유럽의 정치와 경제 환경으로 인해 관광 산업이 점차 회복되었습니다.'),(284,15,'주식',10,4,'경제의 회복과 함께 엔터테인먼트 산업도 성장했습니다.'),(285,16,'금리',NULL,4,'경제 안정과 미래에 대한 긍정적인 전망으로 금 값도 상승했습니다.'),(286,16,'금',NULL,4,'경제 안정과 미래에 대한 긍정적인 전망으로 금 값도 상승했습니다.'),(287,16,'부동산',NULL,5,'도시화와 산업화로 인해 특히 도시 부동산 가격이 급등했습니다.'),(288,16,'주식',2,4,'산업화와 경제 성장과 함께 석유 수요가 증가했습니다.'),(289,16,'주식',1,4,'산업화와 함께 전기 수요가 증가했습니다.'),(290,16,'주식',4,4,'경제 성장과 함께 화학 제품 수요가 증가했습니다.'),(291,16,'주식',3,4,'경제 성장과 함께 철강 수요가 증가했습니다.'),(292,16,'주식',5,4,'경제 성장과 함께 보건 의료 서비스에 대한 수요와 투자가 증가했습니다.'),(293,16,'주식',6,3,'이 기간에는 바이오 산업이 크게 발전하지는 않았지만, 장기적으로 봤을 때 상승세를 보였습니다.'),(294,16,'주식',7,4,'경제의 회복과 사람들의 생활 수준 향상에 따른 패션 관련 소비 증가했습니다.'),(295,16,'주식',8,4,'인구 증가와 생활 수준의 향상으로 식품 산업이 성장했습니다.'),(296,16,'주식',15,4,'자동차는 한국의 주요 수출 상품 중 하나로 성장했습니다.'),(297,16,'주식',16,5,'기술 발전과 글로벌 수요 증가로 반도체 산업이 빠르게 성장했습니다.'),(298,16,'주식',13,4,'경제 활동 증가에 따라 운송 산업이 활발해졌습니다.'),(299,16,'주식',14,4,'도시화와 인프라 구축으로 건설 산업이 활성화되었습니다.'),(300,16,'주식',11,4,'기술 발전과 정보화 사회로 통신 산업이 성장했습니다.'),(301,16,'주식',12,4,'IT 산업의 발전에 따라 소프트웨어 관련 주식도 상승했습니다.'),(302,16,'주식',9,4,'경제 성장과 소득 증가로 내외국인의 관광 활동이 활발해졌습니다.'),(303,16,'주식',10,4,'경제의 회복과 함께 엔터테인먼트 산업도 성장했습니다.'),(304,17,'금리',NULL,4,'경제 회복과 투자 활동의 증가로 금리가 상승했습니다.'),(305,17,'금',NULL,4,'경제 안정과 미래에 대한 긍정적인 전망으로 금 값도 상승했습니다.'),(306,17,'부동산',NULL,4,'경제 성장과 도시 발전으로 부동산 가격이 상승했습니다.'),(307,17,'주식',2,4,'산업화와 자동차 산업의 성장으로 석유 수요가 증가했습니다.'),(308,17,'주식',1,4,'전기 수요의 증가와 안정적인 에너지 공급으로 전기 관련 주식이 상승했습니다.'),(309,17,'주식',4,4,'화학 산업의 다양한 응용으로 화학 관련 주식이 상승했습니다.'),(310,17,'주식',3,4,'건설과 산업 생산의 확장으로 철강 수요가 증가했습니다.'),(311,17,'주식',5,4,'의료 분야에 대한 투자와 연구 개발이 활성화되어 제약 관련 주식이 상승했습니다.'),(312,17,'주식',6,4,'기술적 발전과 미래 전망이 긍정적이어서 바이오 관련 주식이 상승했습니다.'),(313,17,'주식',7,4,'경제의 회복과 사람들의 생활 수준 향상에 따른 패션 관련 소비 증가했습니다.'),(314,17,'주식',8,4,'인구 증가와 생활 수준의 향상으로 식품 산업이 성장했습니다.'),(315,17,'주식',15,4,'독일은 자동차 제조의 강자로 자리매겼습니다. VW, BMW, Mercedes-Benz 등 글로벌 브랜드의 성장합니다.'),(316,17,'주식',16,3,'당시 반도체 산업은 초기 단계였습니다.'),(317,17,'주식',13,4,'경제 활동과 무역의 확대로 운송 산업 성장.'),(318,17,'주식',14,4,'도시화와 인프라 구축으로 건설 산업이 활성화되었습니다.'),(319,17,'주식',11,4,'기술과 경제의 발전으로 통신 산업 성장했습니다.'),(320,17,'주식',12,3,'소프트웨어 산업은 당시 초기 단계에 있었습니다.'),(321,17,'주식',9,4,'경제 성장과 소득 증가로 내외국인의 관광 활동이 활발해졌습니다.'),(322,17,'주식',10,4,'경제의 회복과 함께 엔터테인먼트 산업도 성장했습니다.'),(323,18,'금리',NULL,2,'경제가 확장하면서도 인플레이션을 통제하고, 이로 인해 낮은 금리를 유지했습니다.'),(324,18,'금',NULL,4,'경제 안정과 미래에 대한 긍정적인 전망으로 금 값도 상승했습니다.'),(325,18,'부동산',NULL,4,'경제 확장과 도시화가 진행됨에 따라 부동산 가격은 상승했습니다.'),(326,18,'주식',2,4,'산업화와 자동차 산업의 성장으로 석유 수요가 증가했습니다.'),(327,18,'주식',1,4,'전기 수요의 증가와 안정적인 에너지 공급으로 전기 관련 주식이 상승했습니다.'),(328,18,'주식',4,4,'산업 및 소비재 생산 증가로 화학제품의 수요가 증가했습니다.'),(329,18,'주식',3,4,'건설과 산업 활동이 활발해짐에 따라 철강 수요도 증가했습니다.'),(330,18,'주식',5,4,'경제 성장과 함께 의료 분야에 대한 투자와 수요가 증가했습니다.'),(331,18,'주식',6,3,'이 기간은 바이오산업의 초기일지라도, 일반적인 경제 활성화가 이 업종에도 긍정적인 영향을 미쳤을 것입니다.'),(332,18,'주식',7,4,'경제의 회복과 사람들의 생활 수준 향상에 따른 패션 관련 소비 증가했습니다.'),(333,18,'주식',8,4,'인구 증가와 생활 수준의 향상으로 식품 산업이 성장했습니다.'),(334,18,'주식',15,4,'소득 증가와 인프라 개발로 자동차 판매가 증가했습니다.'),(335,18,'주식',16,4,'기술 발전과 디지털화로 반도체와 관련된 주식이 상승했습니다.'),(336,18,'주식',13,4,'경제 활동과 무역의 확대로 운송 산업 성장했습니다.'),(337,18,'주식',14,4,'도시화와 인프라 구축으로 건설 산업이 활성화되었습니다.'),(338,18,'주식',11,4,'기술과 경제의 발전으로 통신 산업 성장했습니다.'),(339,18,'주식',12,4,'디지털화와 자동화가 진행됨에 따라 소프트웨어 업계도 성장했습니다.'),(340,18,'주식',9,4,'경제 성장과 소득 증가로 내외국인의 관광 활동이 활발해졌습니다.'),(341,18,'주식',10,4,'경제의 회복과 함께 엔터테인먼트 산업도 성장했습니다.'),(342,19,'금리',NULL,2,'미국 연방준비제도는 금리를 낮춰 빚을 덜 부담스럽게 만들고, 투자와 소비를 촉진하려했습니다.'),(343,19,'금',NULL,3,'대공황과 같은 불안한 시기에는 금 같은 안전 자산에 대한 수요가 증가할 수 있습니다.'),(344,19,'부동산',NULL,4,'뉴딜의 공공작업 프로젝트와 금융 지원으로 부동산 시장이 점차 회복되었습니다.'),(345,19,'주식',2,4,'경제 활동이 회복되면서 에너지 수요가 증가했습니다.'),(346,19,'주식',1,4,'공공 및 사설 투자가 증가하면서 전기 수요도 상승했습니다.'),(347,19,'주식',4,4,'산업 활동이 증가하면서 화학 제품에 대한 수요도 증가했습니다.'),(348,19,'주식',3,4,'인프라 프로젝트와 건설 활동이 활발해지면서 철강 수요가 증가했습니다.'),(349,19,'주식',5,4,'사회 복지 프로그램 확장과 함께 의료 및 제약 산업이 성장했습니다.'),(350,19,'주식',6,4,'기술적 발전과 미래 전망이 긍정적이어서 바이오 관련 주식이 상승했습니다.'),(351,19,'주식',7,4,'경제의 회복과 사람들의 생활 수준 향상에 따른 패션 관련 소비 증가했습니다.'),(352,19,'주식',8,4,'인구 증가와 생활 수준의 향상으로 식품 산업이 성장했습니다.'),(353,19,'주식',15,4,'소득 증가와 인프라 개발로 자동차 판매가 증가했습니다.'),(354,19,'주식',16,3,'당시 반도체 산업은 초기 단계였습니다.'),(355,19,'주식',13,4,'경제 활동과 무역의 확대로 운송 산업 성장했습니다.'),(356,19,'주식',14,4,'뉴딜의 공공 작업 프로그램으로 건설 산업이 크게 활성화되었습니다.'),(357,19,'주식',11,3,'당시에는 아직 초기 단계였지만, 통신은 중요한 인프라로서 점차 중요해졌습니다.'),(358,19,'주식',12,3,'당시에는 소프트웨어 산업이 초기 단계였지만, 기술이 발전함에 따라 점차 성장했습니다.'),(359,19,'주식',9,4,'경제 성장과 소득 증가로 내외국인의 관광 활동이 활발해졌습니다.'),(360,19,'주식',10,4,'경제의 회복과 함께 엔터테인먼트 산업도 성장했습니다.'),(361,20,'금리',NULL,2,'중앙은행이 활발한 양적 완화를 통해 금리를 낮추려고 했습니다.'),(362,20,'금',NULL,2,'일본이 화폐를 완화하면서 안전자산으로 금에 대한 수요가 약간 감소할 수 있습니다.'),(363,20,'부동산',NULL,4,'낮은 금리와 활발한 투자로 인해 부동산 가격이 상승했습니다.'),(364,20,'주식',2,4,'경제 활동이 회복되면서 에너지 수요가 증가했습니다.'),(365,20,'주식',1,4,'전반적인 경제 활성화로 전기 수요도 상승했습니다.'),(366,20,'주식',4,4,'활발한 제조 및 수출으로 화학제품에 대한 수요가 증가했습니다.'),(367,20,'주식',3,4,'건설과 인프라 프로젝트가 활발해지며 철강 수요가 증가했습니다.'),(368,20,'주식',5,4,'연구 및 개발 투자가 증가하면서 제약 산업이 성장했습니다.'),(369,20,'주식',6,4,'고령화 사회와 기술 발전으로 바이오산업이 성장했습니다.'),(370,20,'주식',7,4,'경제 활성화와 소득 증가로 패션 산업이 성장했습니다.'),(371,20,'주식',8,4,'내수 소비 증가와 수출 호조로 식품 산업이 성장했습니다.'),(372,20,'주식',15,4,'환율 완화와 글로벌 수요 증가로 자동차 산업이 성장했습니다.'),(373,20,'주식',16,4,'글로벌 기술 수요와 연구 투자 증가로 반도체 산업이 성장했습니다.'),(374,20,'주식',13,4,'경제 활성화와 무역 증가로 운송 산업이 성장했습니다.'),(375,20,'주식',14,4,'인프라 및 부동산 투자가 증가하면서 건설 산업이 활성화되었습니다.'),(376,20,'주식',11,4,'디지털화와 IoT 활성화로 통신 산업이 성장했습니다.'),(377,20,'주식',12,4,'기업의 디지털 전환과 소프트웨어 수요 증가로 성장했습니다.'),(378,20,'주식',9,4,'환율 정책과 프로모션으로 인한 외국인 관광객 증가.'),(379,20,'주식',10,4,'소비자의 여가 소비가 증가하여 엔터테인먼트 업계도 성장했습니다.'),(380,21,'금리',NULL,2,'중앙은행의 대규모 양적 완화는 일반적으로 금리를 낮춥니다.'),(381,21,'금',NULL,4,'금리 하락은 안전 자산인 금에 대한 수요를 높이고 가격을 상승시킬 수 있습니다.'),(382,21,'부동산',NULL,4,'낮은 금리는 대출이 더 쉬워져 부동산 투자가 증가하므로 가격이 상승합니다.'),(383,21,'주식',2,4,'경제 활동이 회복되면서 에너지 수요가 증가했습니다.'),(384,21,'주식',1,4,'낮은 금리와 투자 확대로 전기 수요도 상승합니다.'),(385,21,'주식',4,4,'경제 활성화는 화학 제품 수요를 늘립니다.'),(386,21,'주식',3,4,'건설 투자가 증가하면 철강 수요도 증가합니다.'),(387,21,'주식',5,4,'낮은 금리는 R&D에 더 많은 투자를 가능하게 하여 제약 산업을 부양합니다.'),(388,21,'주식',6,4,'낮은 금리는 R&D에 더 많은 투자를 가능하게 하여 바이오 산업을 부양합니다.'),(389,21,'주식',7,4,'경제 활성화와 소득 증가로 패션 산업이 성장했습니다.'),(390,21,'주식',8,4,'내수 소비 증가와 수출 호조로 식품 산업이 성장했습니다.'),(391,21,'주식',15,4,'낮은 금리는 자동차 구매를 더 쉽게 만듭니다.'),(392,21,'주식',16,4,'기술 투자가 증가하여 반도체 산업이 성장합니다.'),(393,21,'주식',13,4,'경제 활성화와 무역 증가로 운송 산업이 활발해집니다.'),(394,21,'주식',14,4,'부동산 투자와 인프라 프로젝트 증가로 건설 산업이 성장합니다.'),(395,21,'주식',11,4,'디지털 경제 확대로 통신 산업이 성장합니다.'),(396,21,'주식',12,4,'기업들이 디지털 전환을 가속화하면서 소프트웨어 산업이 성장합니다.'),(397,21,'주식',9,4,'경제 활성화와 소득 증가로 관광 업계도 활성화됩니다.'),(398,21,'주식',10,4,'소비자 지출 증가로 엔터테인먼트 업계도 성장합니다.'),(399,22,'금리',NULL,4,'투자가 증가하면 금리가 상승할 가능성이 있습니다.'),(400,22,'금',NULL,2,'경제가 안정되고 금리가 상승하면, 안전 자산으로의 투자가 줄어들어 금값이 하락할 수 있습니다.'),(401,22,'부동산',NULL,4,'투자와 경제 활동 증가로 부동산 시장이 활성화될 가능성이 높습니다.'),(402,22,'주식',2,4,'경제 활동이 활발해지면 에너지 수요도 증가합니다.'),(403,22,'주식',1,4,'산업 확대와 함께 전력 수요도 증가할 가능성이 높습니다.'),(404,22,'주식',4,4,'산업 생산과 소비 증가로 화학제품 수요가 증가합니다.'),(405,22,'주식',3,4,'건설과 제조업 확대로 철강 수요가 증가합니다.'),(406,22,'주식',5,4,'경제 성장과 함께 의료 서비스에 대한 수요와 투자가 증가합니다.'),(407,22,'주식',6,4,'연구 및 개발 투자가 증가하면 바이오 산업도 성장합니다.'),(408,22,'주식',7,4,'소득 증가와 함께 패션과 관련된 소비가 증가합니다.'),(409,22,'주식',8,4,'경제 성장으로 식품 시장도 확대됩니다.'),(410,22,'주식',15,4,'소득 증가와 시장 개방으로 자동차 수요가 증가합니다.'),(411,22,'주식',16,4,'기술 투자와 수출이 증가하면 반도체 산업도 성장합니다.'),(412,22,'주식',13,4,'경제 활성화와 무역 증가로 운송 산업이 활발해집니다.'),(413,22,'주식',14,4,'경제 성장과 투자 증가로 건설 시장이 확대됩니다.'),(414,22,'주식',11,4,'디지털화와 글로벌 연결성 증가로 통신 산업이 활성화됩니다.'),(415,22,'주식',12,4,'기업과 정부의 디지털 전환으로 소프트웨어 산업이 성장합니다.'),(416,22,'주식',9,4,'경제 활성화와 소득 증가로 관광 업계도 활성화됩니다.'),(417,22,'주식',10,4,'소비자 지출 증가로 엔터테인먼트 업계도 성장합니다.'),(418,2,'주식',10,2,'여가 지출의 감소와 같은 이유로 하락했습니다.');
/*!40000 ALTER TABLE `issue_stock` ENABLE KEYS */;
UNLOCK TABLES;

--
-- Dumping data for table `member`
--

LOCK TABLES `member` WRITE;
/*!40000 ALTER TABLE `member` DISABLE KEYS */;
/*!40000 ALTER TABLE `member` ENABLE KEYS */;
UNLOCK TABLES;

--
-- Dumping data for table `prev_issue`
--

LOCK TABLES `prev_issue` WRITE;
/*!40000 ALTER TABLE `prev_issue` DISABLE KEYS */;
INSERT INTO `prev_issue` (`prev_issue_id`, `issue_id`, `foretoken`) VALUES (1,1,'주식시장 과열되었습니다'),(2,1,'높은 부채 수준'),(3,1,'불안정한 금융 시스템'),(4,1,'높은 실업률'),(5,1,'물가 불안정'),(6,2,'미국의 지속적인 무역적자'),(7,2,'고정환율제의 압력 증가'),(8,2,'물가 상승률 증가'),(9,2,'금의 유출'),(10,2,'경제적 불안정'),(11,3,'정치적 불안정 (중동 지역)'),(12,3,'에너지 수요의 급증'),(13,3,'미국과 소련의 냉전 긴장'),(14,3,'인플레이션 상승'),(15,3,'물가와 금리의 불안정성'),(16,4,'높은 부채 수준'),(17,4,'가격이 기초 자산의 가치를 크게 초과'),(18,4,'과도한 투자와 스펙슐레이션'),(19,4,'금리의 변동성'),(20,4,'금융기관의 느슨한 신용정책'),(21,5,'높은 외부 부채'),(22,5,'고정환율제의 압력'),(23,5,'부동산 버블'),(24,5,'외국 자본의 급격한 유입 및 유출'),(25,5,'통화 가치 하락'),(26,6,'과도한 기술주 투자'),(27,6,'비이성적인 주가 상승'),(28,6,'초과 생산 용량'),(29,6,'기업의 가치 팽창'),(30,6,'금융 기관의 느슨한 대출 정책'),(31,7,'지정학적 불안정성 증가'),(32,7,'테러 경고 및 위협 증가'),(33,7,'국내외 통신 감청 및 경계 강화'),(34,7,'이민과 국경 관리 강화'),(35,7,'글로벌 무역과 여행의 불안정'),(36,8,'부동산 버블'),(37,8,'고위험 대출 증가'),(38,8,'금융 파생상품의 복잡성과 위험성 증가'),(39,8,'글로벌 금융 기관의 과도한 레버리지'),(40,8,'신용등급 기관의 실패'),(41,9,'유럽 스케프티시즘의 상승'),(42,9,'불만이 높은 국내 정치 상황'),(43,9,'이민 문제에 대한 높은 민감성'),(44,9,'글로벌화에 대한 저항'),(45,9,'경제적 불평등의 증가'),(46,10,'지역적인 전염병 확산 (초기 단계)'),(47,10,'공급망 중단'),(48,10,'글로벌 여행 제한의 강화'),(49,10,'물가 상승과 재고 부족'),(50,10,'주식시장의 불안정'),(51,11,'급격한 주가 상승'),(52,11,'높은 부채 수준'),(53,11,'정부와 의회에 대한 기업의 로비 증가'),(54,11,'금융기관의 느슨한 신용정책'),(55,12,'급격한 주가 상승'),(56,12,'미국 무역적자의 증가'),(57,12,'금융 시장의 변동성 증가'),(58,12,'글로벌 경제의 불안정성'),(59,12,'컴퓨터 기반의 거래 전략의 실패'),(60,13,'외교적 긴장'),(61,13,'군비 경쟁 심화'),(62,13,'경제적 불안정'),(63,13,'정치적 불안정'),(64,13,'외교 협상들의 실패'),(65,14,'2차 세계대전 후 유럽 재건의 필요성'),(66,14,'고정환율제와 무역 장벽 감소'),(67,14,'경제 협력의 확대 (예: 유럽 공동체)'),(68,14,'높은 생산성 증가'),(69,14,'대량 생산과 소비의 증가'),(70,15,'2차 세계대전 후 유럽의 경제적 파괴'),(71,15,'서방 국가들의 경제적 안정과 재건 필요성'),(72,15,'공산주의 확산에 대한 미국의 우려'),(73,15,'미국의 경제적 이익과 전략적 위치 파악'),(74,15,'유럽의 통합과 협력의 필요성 인식'),(75,16,'한국전쟁 후의 국가 파괴'),(76,16,'경제개발의 필요성과 의지'),(77,16,'정부 주도의 산업화 정책'),(78,16,'높은 수출 지향성'),(79,16,'교육과 기술 개발에 대한 투자'),(80,17,'2차 세계대전 후의 독일 파괴'),(81,17,'마셜 플랜의 자금 지원'),(82,17,'사회시장 경제의 도입'),(83,17,'높은 수출 지향성과 경제 혁신'),(84,17,'노동력의 유연성과 생산성 향상'),(85,18,'고정환율제의 붕괴'),(86,18,'글로벌 경제의 수출 기반 확대'),(87,18,'기술 혁신과 산업 구조의 변화'),(88,18,'자본과 노동력의 효율적 활용'),(89,18,'국가 주도의 산업화 정책'),(90,19,'대공황의 경제적 파괴'),(91,19,'높은 실업률과 불안정'),(92,19,'은행 부실 및 금융 위기'),(93,19,'농업과 산업의 침체'),(94,19,'사회적 불평등의 증가'),(95,20,'일본의 장기 불황'),(96,20,'높은 정부 부채'),(97,20,'낮은 인플레이션률 및 디플레이션 위협'),(98,20,'노동 시장의 불안정과 구조적 문제'),(99,20,'경제성장의 정체'),(100,21,'2008년 금융 위기의 영향'),(101,21,'전통적인 통화정책의 한계 도달'),(102,21,'높은 실업률'),(103,21,'디플레이션 또는 낮은 인플레이션률'),(104,21,'금융시장의 불안정성'),(105,22,'문화 대혁명 후의 경제적 침체'),(106,22,'농업과 산업의 구조적 문제'),(107,22,'외부 자본과 기술 유입의 필요성'),(108,22,'경제 현대화의 필요성 인식'),(109,22,'중국 공산당의 경제적 실험 및 혁신 의지');
/*!40000 ALTER TABLE `prev_issue` ENABLE KEYS */;
UNLOCK TABLES;

--
-- Dumping data for table `savings`
--

LOCK TABLES `savings` WRITE;
/*!40000 ALTER TABLE `savings` DISABLE KEYS */;
INSERT INTO `savings` (`savings_id`, `name`, `monthly_deposit`, `finish_count`, `finish_rate`) VALUES (1,'궁민은행',300000,3,9),(2,'신혼은행',300000,3,6),(3,'onebank',300000,3,3);
/*!40000 ALTER TABLE `savings` ENABLE KEYS */;
UNLOCK TABLES;

--
-- Dumping data for table `stock`
--

LOCK TABLES `stock` WRITE;
/*!40000 ALTER TABLE `stock` DISABLE KEYS */;
INSERT INTO `stock` (`stock_id`, `stock_industry_id`, `type`, `company`, `initial_value`, `url`) VALUES (1,1,'전기','대한전력',18000,'https://economius.s3.ap-northeast-2.amazonaws.com/%EC%A3%BC%EC%8B%9D_%EC%A0%84%EA%B8%B0_%EC%A0%84%EB%A0%A5%EA%B3%B5%EC%82%AC.png'),(2,1,'석유','아람쿠',12000,'https://economius.s3.ap-northeast-2.amazonaws.com/%EC%A3%BC%EC%8B%9D_%EC%84%9D%EC%9C%A0_%EC%95%84%EB%9E%8C%EC%BF%A0.png'),(3,2,'철강','포스쿠',32000,'https://economius.s3.ap-northeast-2.amazonaws.com/%EC%B2%A0%EA%B0%95_%ED%8F%AC%EC%8A%A4%EC%BF%A0.png'),(4,2,'화학','lG화학',36000,'https://economius.s3.ap-northeast-2.amazonaws.com/%ED%99%94%ED%95%99_.lG%ED%99%94%ED%95%99.png'),(5,3,'제약','화이지',42000,'https://economius.s3.ap-northeast-2.amazonaws.com/%EC%A3%BC%EC%8B%9D_%EC%A0%9C%EC%95%BD_%ED%99%94%EC%9D%B4%EC%9E%90.png'),(6,3,'바이오','셀트리안',34000,'https://economius.s3.ap-northeast-2.amazonaws.com/%EC%A3%BC%EC%8B%9D_%EB%B0%94%EC%9D%B4%EC%98%A4_%EC%85%80%ED%8A%B8%EB%A6%AC%EC%95%88.png'),(7,4,'패션','나이카',23000,'https://economius.s3.ap-northeast-2.amazonaws.com/%ED%8C%A8%EC%85%98_%EB%82%98%EC%9D%B4%EC%B9%B4.png'),(8,4,'식품','코카펩시',17000,'https://economius.s3.ap-northeast-2.amazonaws.com/%EC%A3%BC%EC%8B%9D_%EC%8B%9D%ED%92%88_%EC%BD%9C%EB%9D%BC.png'),(9,8,'관광','air관광',19000,'https://economius.s3.ap-northeast-2.amazonaws.com/%EC%A3%BC%EC%8B%9D_%EA%B4%80%EA%B4%91_air%EA%B4%80%EA%B4%91.png'),(10,8,'엔터','CZ엔터',23000,'https://economius.s3.ap-northeast-2.amazonaws.com/%EC%A3%BC%EC%8B%9D_%EC%97%94%ED%84%B0_CZ%EC%97%94%ED%84%B0.png'),(11,7,'통신','K텔레콤',30000,'https://economius.s3.ap-northeast-2.amazonaws.com/%ED%86%B5%EC%8B%A0_K%ED%85%94%EB%A0%88%EC%BD%A4.png'),(12,7,'소프트웨어','M소프트',44000,'https://economius.s3.ap-northeast-2.amazonaws.com/%EC%A3%BC%EC%8B%9D_%EC%86%8C%ED%94%84%ED%8A%B8%EC%9B%A8%EC%96%B4_M%EC%86%8C%ED%94%84%ED%8A%B8.png'),(13,6,'운송','대한운송',34000,'https://economius.s3.ap-northeast-2.amazonaws.com/%EC%A3%BC%EC%8B%9D_%EC%9A%B4%EC%86%A1_%EB%8C%80%ED%95%9C%EC%9A%B4%EC%86%A1.png'),(14,6,'건설','대현건설',36000,'https://economius.s3.ap-northeast-2.amazonaws.com/%EC%A3%BC%EC%8B%9D_%EA%B1%B4%EC%84%A4_%EB%8C%80%ED%98%84%EA%B1%B4%EC%84%A4.png'),(15,5,'자동차','넥서스',23000,'https://economius.s3.ap-northeast-2.amazonaws.com/%EC%A3%BC%EC%8B%9D_%EC%9E%90%EB%8F%99%EC%B0%A8_%EB%84%A5%EC%84%9C%EC%8A%A4.png'),(16,5,'반도체','삼성전자',50000,'https://economius.s3.ap-northeast-2.amazonaws.com/%EC%A3%BC%EC%8B%9D_%EB%B0%98%EB%8F%84%EC%B2%B4_%EC%82%BC%EC%84%B1%EC%A0%84%EC%9E%90.png');
/*!40000 ALTER TABLE `stock` ENABLE KEYS */;
UNLOCK TABLES;

--
-- Dumping data for table `stock_industry`
--

LOCK TABLES `stock_industry` WRITE;
/*!40000 ALTER TABLE `stock_industry` DISABLE KEYS */;
INSERT INTO `stock_industry` (`stock_industry_id`, `industry`) VALUES (1,'에너지'),(2,'소재'),(3,'의료'),(4,'소비재'),(5,'제조업'),(6,'산업재'),(7,'IT'),(8,'서비스');
/*!40000 ALTER TABLE `stock_industry` ENABLE KEYS */;
UNLOCK TABLES;

--z
-- Dumping data for table `volatile`
--

LOCK TABLES `volatile` WRITE;
/*!40000 ALTER TABLE `volatile` DISABLE KEYS */;
INSERT INTO `volatile` (`volatile_id`, `name`, `type`, `initial_value`) VALUES (1,'restaurant','식사',5000000),(2,'shop','쇼핑',7000000),(3,'hotel','숙박',10000000),(4,'gold','금',100000),(5,'interest_rate','금리',3);
/*!40000 ALTER TABLE `volatile` ENABLE KEYS */;
UNLOCK TABLES;
/*!40103 SET TIME_ZONE=@OLD_TIME_ZONE */;

/*!40101 SET SQL_MODE=@OLD_SQL_MODE */;
/*!40014 SET FOREIGN_KEY_CHECKS=@OLD_FOREIGN_KEY_CHECKS */;
/*!40014 SET UNIQUE_CHECKS=@OLD_UNIQUE_CHECKS */;
/*!40101 SET CHARACTER_SET_CLIENT=@OLD_CHARACTER_SET_CLIENT */;
/*!40101 SET CHARACTER_SET_RESULTS=@OLD_CHARACTER_SET_RESULTS */;
/*!40101 SET COLLATION_CONNECTION=@OLD_COLLATION_CONNECTION */;
/*!40111 SET SQL_NOTES=@OLD_SQL_NOTES */;

-- Dump completed on 2023-09-25 15:33:46
